<?xml version="1.0"?>
<!DOCTYPE input-forms SYSTEM "input-forms.dtd">


<input-forms>

  <!-- The form-map maps collection handles to forms. DSpace does not       -->
  <!-- require a collection name to be unique, not even within a community. -->
  <!-- DSpace does however ensure that each collection's handle is unique.  -->
  <!-- Form-map provides the means to associate a unique collection name    -->
  <!-- with a form. The form-map also provides the special handle "default" -->
  <!-- (which is never a collection), here mapped to "traditional". Any     -->
  <!-- collection which does not appear in this map will be associated with -->
  <!-- the mapping for handle "default".                                    -->

  <form-map>
    <name-map collection-handle="default" form-name="traditional" />
  </form-map>


  <!-- The form-definitions map lays out the detailed definition of all the -->
  <!-- submission forms. Each separate form set has a unique name as an     -->
  <!-- attribute. This name matches one of the names in the form-map. One   -->
  <!-- named form set has the name "traditional"; as this name suggests,    -->
  <!-- it is the old style and is also the default, which gets used when    -->
  <!-- the specified collection has no correspondingly-named form set.      -->
  <!--                                                                      -->
  <!-- Each form set contains an ordered set of pages; each page defines    -->
  <!-- one submission metadata entry screen. Each page has an ordered list  -->
  <!-- of field definitions, Each field definition corresponds to one       -->
  <!-- metadata entry (a so-called row), which has a DC element name, a    -->
  <!-- displayed label, a text string prompt which is called a hint, and    -->
  <!-- an input-type. Each field also may hold optional elements: DC        -->
  <!-- qualifier name, a repeatable flag, and a text string whose presence  -->
  <!-- serves as a 'this field is required' flag.                           -->

  <form-definitions>

    <form name="traditional">
      <page number="1">

        <!-- AUTOR / dc.contributor.author-->
        <field>
          <dc-schema>dc</dc-schema>
          <dc-element>contributor</dc-element>
          <dc-qualifier>author</dc-qualifier>
          <repeatable>true</repeatable>
          <label>Autor(s) *</label>
          <input-type>name</input-type>
          <hint>Ingresa el nombre del autor (es).</hint>
          <required>Ingresa el nombre de los autores</required>
        </field>

        <!--PAIS / dc.publisher.country-->
        <field>
          <dc-schema>dc</dc-schema>
          <dc-element>publisher</dc-element>
          <dc-qualifier>country</dc-qualifier>
          <repeatable>false</repeatable>
          <label>País de publicación * (dc.publisher.country)</label>
          <input-type value-pairs-name="common_publisher">dropdown</input-type>
          <hint>Obligatorio para grados y títulos.</hint>
          <required>Campo obligatório</required>
        </field>

        <!--DNI AUTOR / renati.author.[dni,cext,pasaporte,cedula]-->
        <field>
          <dc-schema>renati</dc-schema>
          <dc-element>author</dc-element>
          <dc-qualifier></dc-qualifier>
          <repeatable>true</repeatable>
          <label>Tipo de Documento de Identidad del Autor *</label>
          <input-type value-pairs-name="renati_author_identifier">qualdrop_value</input-type>
          <hint>Obligatorio para grados y títulos</hint>
          <required></required>
        </field>

        <!--GRADO ACADÉMICO /  renati.level-->
        <field>
          <dc-schema>renati</dc-schema>
          <dc-element>level</dc-element>
          <dc-qualifier></dc-qualifier>
          <repeatable>false</repeatable>
          <label>Grado académico *</label>
          <input-type>onebox</input-type>
          <hint>Ingresa el grado del autor.</hint>
          <required>Campo oblogatório.</required>
        </field>

        <!--NOMBRE DEL GRADO / thesis.degree.name-->
        <field>
					<dc-schema>thesis</dc-schema>
					<dc-element>degree</dc-element>
					<dc-qualifier>name</dc-qualifier>
					<repeatable>false</repeatable>
					<label>Nombre del grado *</label>
					<input-type>onebox</input-type>
					<hint>Ingrese el nombre del grado del estudiante asociado con el trabajo de investigacion.</hint>
					<required>Campo obligatorio</required>
				</field>

        
      </page>

      <page number="2">

        <!--PÁGINA DEL TRABAJO-->
        <!--TITULO / dc.title-->
        <field>
          <dc-schema>dc</dc-schema>
          <dc-element>title</dc-element>
          <dc-qualifier></dc-qualifier>
          <repeatable>false</repeatable>
          <label>Título *</label>
          <input-type>onebox</input-type>
          <hint>Ingresa el título del ejemplar.</hint>
          <required>Campo obligatório</required>
        </field>

        <!--EDITORIAL / dc.publisher-->
        <field>
          <dc-schema>dc</dc-schema>
          <dc-element>publisher</dc-element>
          <dc-qualifier></dc-qualifier>
          <repeatable>false</repeatable>
          <label>Editorial *</label>
          <input-type>onebox</input-type>
          <hint>Nombre de la institución que publica el ejemplar.</hint>
          <required>Campo obligatório</required>
        </field>

        <!--FECHA dc.date.issued-->
        <field>
          <dc-schema>dc</dc-schema>
          <dc-element>date</dc-element>
          <dc-qualifier>issued</dc-qualifier>
          <repeatable>false</repeatable>
          <label>Fecha de emisión *</label>
          <input-type>date</input-type>
          <hint>Fecha de emisión del ejemplar (Fecha del documento original).</hint>
          <required>Campo oblogatório</required>
        </field>

        <!--TIPO DE PUBLICACIÓN / dc.type-->
        <field>
          <dc-schema>dc</dc-schema>
          <dc-element>type</dc-element>
          <dc-qualifier></dc-qualifier>
          <repeatable>false</repeatable>
          <label>Tipo de publicación *</label>
          <input-type value-pairs-name="common_types">dropdown</input-type>
          <hint>Selecciona el tipo del ejemplar.</hint>
          <required>Campo obligatório</required>
        </field>

        <!--IDIOMA / dc.language.iso-->
        <field>
          <dc-schema>dc</dc-schema>
          <dc-element>language</dc-element>
          <dc-qualifier>iso</dc-qualifier>
          <repeatable>false</repeatable>
          <label>Idioma *</label>
          <input-type value-pairs-name="common_iso_languages">dropdown</input-type>
          <hint>Selecciona el idioma predominante del ejemplar..</hint>
          <required>Campo Obligatorio</required>
        </field>

        <!--NIVEL DE ACCESO / dc.right-->
        <field>
          <dc-schema>dc</dc-schema>
          <dc-element>rights</dc-element>
          <dc-qualifier></dc-qualifier>
          <repeatable>false</repeatable>
          <label>Nivel de acceso *</label>
          <input-type value-pairs-name="common_rights">dropdown</input-type>
          <hint>Seleccione el nivel de acceso</hint>
          <required>Campo Obligatorio</required>
        </field>

        <!--LICENCIA / dc.rights.uri-->
        <field>
          <dc-schema>dc</dc-schema>
          <dc-element>rights</dc-element>
          <dc-qualifier>uri</dc-qualifier>
          <repeatable>true</repeatable>
          <label>Condición de licencia *</label>
          <input-type>onebox</input-type>
          <hint>Seleccione la condición de licencia</hint>
          <required></required>
        </field>

        <!--EMBARGO - NO OBLIGATORIO / dc.date.embargoEnd-->
        <field>
          <dc-schema>dc</dc-schema>
          <dc-element>date</dc-element>
          <dc-qualifier>embargoEnd</dc-qualifier>
          <repeatable>false</repeatable>
          <label>Fecha de fin de embargo (dc.date.embargoEnd)</label>
          <input-type>date</input-type>
          <hint>Ingrese la fecha de fin de embargo (fecha de publicación).</hint>
          <required></required>
        </field>

        <!--RESUMEN / dc.description.abstract-->
        <field>
          <dc-schema>dc</dc-schema>
          <dc-element>description</dc-element>
          <dc-qualifier>abstract</dc-qualifier>
          <repeatable>false</repeatable>
          <label>Resumen *</label>
          <input-type>textarea</input-type>
          <hint>Ingresa el resumen del ejemplar. </hint>
          <required>Campo obligatório</required>
        </field>


        <!--INSTITUCION OTORGANTE DEL GRADO / thesis.degree.grantor-->
        <field>
					<dc-schema>thesis</dc-schema>
					<dc-element>degree</dc-element>
					<dc-qualifier>grantor</dc-qualifier>
					<repeatable>false</repeatable>
					<label>Institución otorgante del grado *</label>
					<input-type>onebox</input-type>
					<hint>Ingrese el nombre completo de la institucion y el departamento o area responsable</hint>
					<required>Campo oblogatório</required>
				</field>


        <!--INPUTS RENATI-->

        

        


        <!--
          sudo /opt/tomcat/bin/shutdown.sh

          cd /build/dspace-6.3-src-release
          sudo mvn -U package

          cd /build/dspace-6.3-src-release/dspace/target/dspace-installer
          sudo ant update

          sudo rm -r /opt/tomcat/webapps/*
          sudo cp -r /dspace/webapps/* /opt/tomcat/webapps

          sudo /opt/tomcat/bin/startup.sh
        -->

      </page>

      <page number="3">
        <!-- MATERIA / dc.subject-->
        <field>
          <dc-schema>dc</dc-schema>
          <dc-element>subject</dc-element>
          <dc-qualifier></dc-qualifier>
          <repeatable>true</repeatable>
          <label>Palabras clave (Materias) *</label>
          <input-type>twobox</input-type>
          <hint>Ingresa las palabras clave del ejemplar.</hint>
          <required></required>
        </field>

        <!--OCEDE / dc.subject.ocde-->
        <field>
          <dc-schema>dc</dc-schema>
          <dc-element>subject</dc-element>
          <dc-qualifier>ocde</dc-qualifier>
          <repeatable>false</repeatable>
          <label>Campo del conocimiento OCDE *</label>
          <input-type value-pairs-name="dc_subject_ocde">dropdown</input-type>
          <hint>Seleccione el código de clasificación OCDE de la obra</hint>
          <required>Campo obligatorio</required>
        </field>

        <!--TIPO DE TRABAJO / renati.type-->
        <field>
          <dc-schema>renati</dc-schema>
          <dc-element>type</dc-element>
          <dc-qualifier></dc-qualifier>
          <repeatable>false</repeatable>
          <label>Tipo de trabajo de investigación * (renati.type)</label>
          <input-type value-pairs-name="renati_type_identifier">dropdown</input-type>
          <hint>Seleccione el tipo de trabajo de investigación (tesis).</hint>
          <required>Campo obligatorio</required>
        </field>

        <!--NOMBRE DEL PROGRAMA / thesis.degree.discipline-->
        <field>
					<dc-schema>thesis</dc-schema>
					<dc-element>degree</dc-element>
					<dc-qualifier>discipline</dc-qualifier>
					<repeatable>true</repeatable>
					<label>Nombre del programa *</label>
					<input-type>onebox</input-type>
					<hint>Obligatorio para trabajos de investigación conducentes a grados y títulos. Ingrese el nombre del programa de educación superior conducente al grado académico y/o título profesional</hint>
					<required></required>
				</field>

        <!--CODIGO DEL PROGRAMA / renati.discipline-->
        <field>
          <dc-schema>renati</dc-schema>
          <dc-element>discipline</dc-element>
          <dc-qualifier></dc-qualifier>
          <repeatable>true</repeatable>
          <label>Código del programa *</label>
          <input-type>onebox</input-type>
          <hint>Obligatorio para trabajos de investigación conducentes a grados y títulos. Ingrese la clasificación del programa de educación superior conducente al grado académico y/o título profesional.</hint>
          <required></required>
        </field>

        

      </page>

      <page number="4">

        <!--ACESOR / dc.contributor.advisor-->
        <field>
          <dc-schema>dc</dc-schema>
          <dc-element>contributor</dc-element>
          <dc-qualifier>advisor</dc-qualifier>
          <repeatable>true</repeatable>
          <label>Asesor (es) *</label>
          <input-type>onebox</input-type>
          <hint>Ingrese al nombre del acesor del ejemplar.</hint>
          <required></required>
        </field>


        <!--ORCID ACESOR/  renati.advisor.orcid-->
        <field>
          <dc-schema>renati</dc-schema>
          <dc-element>advisor</dc-element>
          <dc-qualifier>orcid</dc-qualifier>
          <repeatable>true</repeatable>
          <label>ORCID del asesor * (renati.advisor.orcid)</label>
          <input-type>onebox</input-type>
          <hint>Ingrese el identificador ORCID del Asesor de esta publicación</hint>
          <required></required>
        </field>

        <!--DNI ACESOR / renati.advisor.[dni,cext,pasaporte,cedula]-->
        <field>
          <dc-schema>renati</dc-schema>
          <dc-element>advisor</dc-element>
          <dc-qualifier></dc-qualifier>
          <repeatable>true</repeatable>
          <label>Tipo de Documento de Identidad del Asesor *</label>
          <input-type value-pairs-name="renati_advisor_identifier">qualdrop_value</input-type>
          <hint>Seleccione el tipo de documento e ingrese los dígitos.</hint>
          <required></required>
        </field>
        
        
      </page>

      <page number="5"> 
        <!--JURADO / renati.juror-->
        <field>
          <dc-schema>renati</dc-schema>
          <dc-element>juror</dc-element>
          <dc-qualifier></dc-qualifier>
          <repeatable>true</repeatable>
          <label>Jurado *</label>
          <input-type>onebox</input-type>
          <hint>Obligatorio para tesis conducentes a grados académicos.</hint>
          <required></required>
        </field>

      </page>


    </form>

    <form name="one">
      <page number="1">
        <field>
          <dc-schema>dc</dc-schema>
          <dc-element>contributor</dc-element>
          <dc-qualifier>author</dc-qualifier>
          <repeatable>true</repeatable>
          <label>One: Authors</label>
          <input-type>name</input-type>
          <hint>Enter the names of the authors of this item.</hint>
          <required></required>
        </field>
      </page>
    </form>
  </form-definitions>


  <!-- form-value-pairs populate dropdown and qualdrop-value lists.          -->
  <!-- The form-value-pairs element holds child elements named 'value-pairs' -->
  <!-- A 'value-pairs' element has a value-pairs-name and a dc-term          -->
  <!-- attribute. The dc-term attribute specifies which to which Dublin Core -->
  <!-- Term this set of value-pairs applies.                                 -->
  <!--     Current dc-terms are: identifier-pairs, type-pairs, and           -->
  <!--     language_iso-pairs. The name attribute matches a name             -->
  <!--     in the form-map, above.                                           -->
  <!-- A value-pair contains one 'pair' for each value displayed in the list -->
  <!-- Each pair contains a 'displayed-value' element and a 'stored-value'   -->
  <!-- element. A UI list displays the displayed-values, but the program     -->
  <!-- stores the associated stored-values in the database.                  -->

  <form-value-pairs>

    <value-pairs value-pairs-name="common_publisher" dc-term="publisher">
      <pair>
        <displayed-value>Peru</displayed-value>
        <stored-value>PE</stored-value>
      </pair>
    </value-pairs>


    <value-pairs value-pairs-name="common_identifiers" dc-term="identifier">
      <pair>
        <displayed-value>ISSN</displayed-value>
        <stored-value>issn</stored-value>
      </pair>
      <pair>
        <displayed-value>Other</displayed-value>
        <stored-value>other</stored-value>
      </pair>
      <pair>
        <displayed-value>ISMN</displayed-value>
        <stored-value>ismn</stored-value>
      </pair>
      <pair>
        <displayed-value>Gov't Doc #</displayed-value>
        <stored-value>govdoc</stored-value>
      </pair>
      <pair>
        <displayed-value>URI</displayed-value>
        <stored-value>uri</stored-value>
      </pair>
      <pair>
        <displayed-value>ISBN</displayed-value>
        <stored-value>isbn</stored-value>
      </pair>
    </value-pairs>


    <!--DROPDOWN NEW-->
    <value-pairs value-pairs-name="common_types" dc-term="type">

      <pair>
        <displayed-value>Tesis de pregrado</displayed-value>
        <stored-value>info:eu-repo/semantics/bachelorThesis</stored-value>
      </pair>
      <pair>
        <displayed-value>Tesis de maestria</displayed-value>
        <stored-value>info:eu-repo/semantics/masterThesis</stored-value>
      </pair>
      <pair>
        <displayed-value>Tesis de doctorado</displayed-value>
        <stored-value>info:eu-repo/semantics/doctoralThesis</stored-value>
      </pair>
      <pair>
        <displayed-value>Artículo</displayed-value>
        <stored-value>info:eu-repo/semantics/article</stored-value>
      </pair>
      <pair>
        <displayed-value>Monografia</displayed-value>
        <stored-value>info:eu-repo/semantics/monograph</stored-value>
      </pair>
      <pair>
        <displayed-value>Reporte</displayed-value>
        <stored-value>info:eu-repo/semantics/report</stored-value>
      </pair>
      <pair>
        <displayed-value>Libro</displayed-value>
        <stored-value>info:eu-repo/semantics/book</stored-value>
      </pair>
      <pair>
        <displayed-value>Parte de un libro</displayed-value>
        <stored-value>info:eu-repo/semantics/bookPart</stored-value>
      </pair>
      <pair>
        <displayed-value>Revisión</displayed-value>
        <stored-value>info:eu-repo/semantics/review</stored-value>
      </pair>
      <pair>
        <displayed-value>Conferencia</displayed-value>
        <stored-value>info:eu-repo/semantics/conferenceObject</stored-value>
      </pair>
      <pair>
        <displayed-value>Presentación</displayed-value>
        <stored-value>info:eu-repo/semantics/lecture</stored-value>
      </pair>
      <pair>
        <displayed-value>Artículo preliminar</displayed-value>
        <stored-value>info:eu-repo/semantics/workingPaper</stored-value>
      </pair>
      <pair>
        <displayed-value>Artículo antes de ser publicado</displayed-value>
        <stored-value>info:eu-repo/semantics/preprint</stored-value>
      </pair>
      <pair>
        <displayed-value>Artículo de prensa</displayed-value>
        <stored-value>info:eu-repo/semantics/contributionToPeriodical</stored-value>
      </pair>
      <pair>
        <displayed-value>Imagen</displayed-value>
        <stored-value>info:eu-repo/semantics/image</stored-value>
      </pair>
      <pair>
        <displayed-value>Documentos Técnicos</displayed-value>
        <stored-value>info:eu-repo/semantics/technicalDocumentation</stored-value>
      </pair>
    </value-pairs>

    <value-pairs value-pairs-name="common_iso_languages" dc-term="language_iso">
      <pair>
        <displayed-value>N/A</displayed-value>
        <stored-value></stored-value>
      </pair>
      <pair>
        <displayed-value>English (United States)</displayed-value>
        <stored-value>en_US</stored-value>
      </pair>
      <pair>
        <displayed-value>Ingles</displayed-value>
        <stored-value>eng</stored-value>
      </pair>
      <pair>
        <displayed-value>Español</displayed-value>
        <stored-value>spa</stored-value>
      </pair>
      <pair>
        <displayed-value>(Other)</displayed-value>
        <stored-value>other</stored-value>
      </pair>
    </value-pairs>

    <value-pairs value-pairs-name="common_rights" dc-term="rights">
      <pair>
        <displayed-value>Acceso Abierto</displayed-value>
        <stored-value>info:eu-repo/semantics/openAccess</stored-value>
      </pair>
      <pair>
        <displayed-value>Acceso Restringido</displayed-value>
        <stored-value>info:eu-repo/semantics/restrictedAccess</stored-value>
      </pair>
      <pair>
        <displayed-value>Acceso embargado</displayed-value>
        <stored-value>info:eu-repo/semantics/embargoedAccess</stored-value>
      </pair>
      <pair>
        <displayed-value>Acceso Cerrado</displayed-value>
        <stored-value>info:eu-repo/semantics/closedAccess</stored-value>
      </pair>
    </value-pairs>

    <value-pairs value-pairs-name="dc_subject_ocde" dc-term="subject">
      <pair>
        <displayed-value>(Vacío)</displayed-value>
        <stored-value></stored-value>
      </pair>

      <pair>
        <displayed-value>6.00.00 -- Humanidades</displayed-value>
        <stored-value>https://purl.org/pe-repo/ocde/ford#6.00.00</stored-value>
      </pair>
      <pair>
        <displayed-value>6.01.00 -- Historia, Arqueología</displayed-value>
        <stored-value>https://purl.org/pe-repo/ocde/ford#6.01.00</stored-value>
      </pair>
      <pair>
        <displayed-value>6.01.01 -- Historia</displayed-value>
        <stored-value>https://purl.org/pe-repo/ocde/ford#6.01.01</stored-value>
      </pair>
      <pair>
        <displayed-value>6.01.02 -- Arqueología</displayed-value>
        <stored-value>https://purl.org/pe-repo/ocde/ford#6.01.02</stored-value>
      </pair>
      <pair>
        <displayed-value>6.02.00 -- Lenguas, Literatura</displayed-value>
        <stored-value>https://purl.org/pe-repo/ocde/ford#6.02.00</stored-value>
      </pair>
      <pair>
        <displayed-value>6.02.01 -- Estudios generales de idiomas</displayed-value>
        <stored-value>https://purl.org/pe-repo/ocde/ford#6.02.01</stored-value>
      </pair>
      <pair>
        <displayed-value>6.02.02 -- Idiomas específicos</displayed-value>
        <stored-value>https://purl.org/pe-repo/ocde/ford#6.02.02</stored-value>
      </pair>
      <pair>
        <displayed-value>6.02.03 -- Estudios de literatura general</displayed-value>
        <stored-value>https://purl.org/pe-repo/ocde/ford#6.02.03</stored-value>
      </pair>
      <pair>
        <displayed-value>6.02.04 -- Teoría literaria</displayed-value>
        <stored-value>https://purl.org/pe-repo/ocde/ford#6.02.04</stored-value>
      </pair>
      <pair>
        <displayed-value>6.02.05 -- Literaturas específicas</displayed-value>
        <stored-value>https://purl.org/pe-repo/ocde/ford#6.02.05</stored-value>
      </pair>
      <pair>
        <displayed-value>6.02.06 -- Lingüística</displayed-value>
        <stored-value>https://purl.org/pe-repo/ocde/ford#6.02.06</stored-value>
      </pair>
      <pair>
        <displayed-value>6.03.00 -- Filosofía, Ética, Religión</displayed-value>
        <stored-value>https://purl.org/pe-repo/ocde/ford#6.03.00</stored-value>
      </pair>
      <pair>
        <displayed-value>6.03.01 -- Filosofía </displayed-value>
        <stored-value>https://purl.org/pe-repo/ocde/ford#6.03.01</stored-value>
      </pair>
      <pair>
        <displayed-value>6.03.02 -- Historia y filosofía de la ciencia y la tecnología</displayed-value>
        <stored-value>https://purl.org/pe-repo/ocde/ford#6.03.02</stored-value>
      </pair>
      <pair>
        <displayed-value>6.03.04 -- Ética</displayed-value>
        <stored-value>https://purl.org/pe-repo/ocde/ford#6.03.04</stored-value>
      </pair>
      <pair>
        <displayed-value>6.03.05 -- Teología</displayed-value>
        <stored-value>https://purl.org/pe-repo/ocde/ford#6.03.05</stored-value>
      </pair>
      <pair>
        <displayed-value>6.03.06 -- Estudios religiosos</displayed-value>
        <stored-value>https://purl.org/pe-repo/ocde/ford#6.03.06</stored-value>
      </pair>
      <pair>
        <displayed-value>6.04.00 -- Arte</displayed-value>
        <stored-value>https://purl.org/pe-repo/ocde/ford#6.04.00</stored-value>
      </pair>
      <pair>
        <displayed-value>6.04.01 -- Arte</displayed-value>
        <stored-value>https://purl.org/pe-repo/ocde/ford#6.04.01</stored-value>
      </pair>
      <pair>
        <displayed-value>6.04.02 -- Historia del arte</displayed-value>
        <stored-value>https://purl.org/pe-repo/ocde/ford#6.04.02</stored-value>
      </pair>
      <pair>
        <displayed-value>6.04.03 -- Diseño arquitectónico</displayed-value>
        <stored-value>https://purl.org/pe-repo/ocde/ford#6.04.03</stored-value>
      </pair>
      <pair>
        <displayed-value>6.04.04 -- Artes de la representación (musicología, ciencias del teatro, dramaturgia)</displayed-value>
        <stored-value>https://purl.org/pe-repo/ocde/ford#6.04.04</stored-value>
      </pair>
      <pair>
        <displayed-value>6.04.05 -- Estudio del folklore</displayed-value>
        <stored-value>https://purl.org/pe-repo/ocde/ford#6.04.05</stored-value>
      </pair>
      <pair>
        <displayed-value>6.04.06 -- Estudios en cine, Estudios en radio, Estudios en televisión</displayed-value>
        <stored-value>https://purl.org/pe-repo/ocde/ford#6.04.06</stored-value>
      </pair>
      <pair>
        <displayed-value>6.04.07 -- Música</displayed-value>
        <stored-value>https://purl.org/pe-repo/ocde/ford#6.04.07</stored-value>
      </pair>
      <pair>
        <displayed-value>6.04.08 -- Arquitectura y urbanismo</displayed-value>
        <stored-value>https://purl.org/pe-repo/ocde/ford#6.04.08</stored-value>
      </pair>
      <pair>
        <displayed-value>6.04.09 -- Diseño industrial y otros diseños</displayed-value>
        <stored-value>https://purl.org/pe-repo/ocde/ford#6.04.09</stored-value>
      </pair>
      <pair>
        <displayed-value>6.05.00 -- Otras humanidades</displayed-value>
        <stored-value>https://purl.org/pe-repo/ocde/ford#6.05.00</stored-value>
      </pair>
      <pair>
        <displayed-value>6.05.01 -- Otras humanidades</displayed-value>
        <stored-value>https://purl.org/pe-repo/ocde/ford#6.05.01</stored-value>
      </pair>
    </value-pairs>

    <value-pairs value-pairs-name="renati_author_identifier" dc-term="author">
      <pair>
        <displayed-value>DNI</displayed-value>
        <stored-value>dni</stored-value>
      </pair>
      <pair>
        <displayed-value>CE-Carné de extranjería</displayed-value>
        <stored-value>cext</stored-value>
      </pair>
      <pair>
        <displayed-value>Pasaporte</displayed-value>
        <stored-value>pasaporte</stored-value>
      </pair>
      <pair>
        <displayed-value>Cédula de identidad</displayed-value>
        <stored-value>cedula</stored-value>
      </pair>
    </value-pairs>

    <value-pairs value-pairs-name="renati_advisor_identifier" dc-term="advisor">
      <pair>
        <displayed-value>DNI</displayed-value>
        <stored-value>dni</stored-value>
      </pair>
      <pair>
        <displayed-value>CE-Carné de extranjería</displayed-value>
        <stored-value>cext</stored-value>
      </pair>
      <pair>
        <displayed-value>Pasaporte</displayed-value>
        <stored-value>pasaporte</stored-value>
      </pair>
      <pair>
        <displayed-value>Cédula de identidad</displayed-value>
        <stored-value>cedula</stored-value>
      </pair>
    </value-pairs>

    <value-pairs value-pairs-name="renati_type_identifier" dc-term="type">
					<pair>
				<displayed-value>(Vacío)</displayed-value>
				<stored-value></stored-value>
			</pair>
			<pair>
				<displayed-value>Tesis</displayed-value>
				<stored-value>https://purl.org/pe-repo/renati/type#tesis</stored-value>
			</pair>
			<pair>
				<displayed-value>Trabajo de investigación</displayed-value>
				<stored-value>https://purl.org/pe-repo/renati/type#trabajoDeInvestigacion</stored-value>
			</pair>
			<pair>
				<displayed-value>Trabajo de suficiencia profesional</displayed-value>
				<stored-value>https://purl.org/pe-repo/renati/type#trabajoDeSuficienciaProfesional</stored-value>
			</pair>
			<pair>
				<displayed-value>Trabajo académico</displayed-value>
				<stored-value>https://purl.org/pe-repo/renati/type#trabajoAcademico</stored-value>
			</pair>
		</value-pairs>

  </form-value-pairs>

</input-forms>
